芦毛灰姑娘,https://acg.rip/.xml?term=+%E6%A1%9C%E9%83%BD%E5%AD%97%E5%B9%95%E7%BB%84++%E8%B5%9B%E9%A9%AC%E5%A8%98+%E8%8A%A6%E6%AF%9B%E7%81%B0%E5%A7%91%E5%A8%98+%5B%E7%AE%80%E4%BD%93%E5%86%85%E5%B5%8C%5D,
夏日口袋,https://acg.rip/.xml?term=%E5%A4%8F%E6%97%A5%E5%8F%A3%E8%A2%8B+%E7%AE%80%E6%97%A5%E5%86%85%E5%B5%8C+%E5%8C%97%E5%AE%87%E6%B2%BB,
搖滾樂是淑女的嗜好,https://acg.rip/.xml?term=%E6%91%87%E6%BB%9A%E4%B9%90%E6%98%AF%E6%B7%91%E5%A5%B3%E7%9A%84%E5%97%9C%E5%A5%BD+ani,
我是星际国家的恶德领主,https://acg.rip/.xml?term=%E6%88%91%E6%98%AF%E6%98%9F%E9%9A%9B%E5%9C%8B%E5%AE%B6%E7%9A%84%E6%83%A1%E5%BE%B7%E9%A0%98%E4%B8%BB+ani,
机动战士高达GQuuuuuuX,https://acg.rip/.xml?term=%5BSweetSub%5D%5B%E6%9C%BA%E5%8A%A8%E6%88%98%E5%A3%AB%E9%AB%98%E8%BE%BE+GQuuuuuuX%5D+%E7%AE%80%E6%97%A5%E5%8F%8C%E8%AF%AD,
lazarus,https://acg.rip/.xml?term=lazarus+%E5%96%B5+%E7%AE%80%E6%97%A5,
九龙大众浪漫,https://acg.rip/.xml?term=%E4%B9%9D%E9%BE%99%E5%A4%A7%E4%BC%97%E6%B5%AA%E6%BC%AB+ani,
歲月流逝飯菜依舊美味,https://acg.rip/.xml?term=%E6%AD%B2%E6%9C%88%E6%B5%81%E9%80%9D%E9%A3%AF%E8%8F%9C%E4%BE%9D%E8%88%8A%E7%BE%8E%E5%91%B3+ani,
mono女孩,https://acg.rip/.xml?term=mono%E5%A5%B3%E5%AD%A9+ani,
Summer Pockets,https://acg.rip/.xml?term=Summer+Pockets+%E6%A1%9C%E9%83%BD%E5%AD%97%E5%B9%95%E7%BB%84+%E7%AE%80%E4%BD%93%E5%86%85%E5%B5%8C,
魔女与使魔,https://acg.rip/.xml?term=%E9%AD%94%E5%A5%B3%E4%B8%8E%E4%BD%BF%E9%AD%94+%E6%A1%9C%E9%83%BD%E5%AD%97%E5%B9%95%E7%BB%84+%E7%AE%80%E4%BD%93%E5%86%85%E5%B5%8C,
岁月流逝饭菜依旧美味,https://acg.rip/.xml?term=%E6%97%B6%E5%85%89%E6%B5%81%E9%80%9D%EF%BC%8C%E9%A5%AD%E8%8F%9C%E4%BE%9D%E6%97%A7%E7%BE%8E%E5%91%B3+%E5%96%B5%E8%90%8C%E5%A5%B6%E8%8C%B6%E5%B1%8B+%E7%AE%80%E6%97%A5%E5%8F%8C%E8%AF%AD,
